Script,strike_price
CANBK25SEP_119CE,119
CANBK25SEP_116CE,116
CANBK25SEP_115CE,115
CANBK25SEP_118CE,118
CANBK25SEP_117CE,117
CANBK25SEP_120CE,120
CANBK25SEP_114CE,114
CANBK25SEP_113CE,113
CANBK25SEP_112CE,112
EICHERMOT25SEP_6650CE,6650
EICHERMOT25SEP_6800CE,6800
EICHERMOT25SEP_6700CE,6700
CANBK25SEP_111CE,111
EICHERMOT25SEP_6550CE,6550
HINDPETRO25SEP_425CE,425
EICHERMOT25SEP_6600CE,6600
HINDPETRO25SEP_419.5CE,419.5
SAMMAANCAP25SEP_140CE,140
HINDPETRO25SEP_420CE,420
CANBK25SEP_110CE,110
MUTHOOTFIN25SEP_2900CE,2900
HINDPETRO25SEP_415CE,415
HINDPETRO25SEP_430CE,430
HINDPETRO25SEP_424.5CE,424.5
HINDPETRO25SEP_410CE,410
MUTHOOTFIN25SEP_3000CE,3000
EICHERMOT25SEP_6500CE,6500
HINDPETRO25SEP_414.5CE,414.5
INDIANB25SEP_720CE,720
CANBK25SEP_109CE,109
NATIONALUM25SEP_205CE,205
HINDZINC25SEP_460CE,460
MUTHOOTFIN25SEP_2850CE,2850
BAJFINANCE25SEP_960CE,960
NATIONALUM25SEP_200CE,200
HINDPETRO25SEP_409.5CE,409.5
INDIANB25SEP_710CE,710
HINDPETRO25SEP_404.5CE,404.5
CANBK25SEP_122CE,122
SAMMAANCAP25SEP_135CE,135
EICHERMOT25SEP_6450CE,6450
BAJFINANCE25SEP_970CE,970
EICHERMOT25SEP_6900CE,6900
HINDZINC25SEP_470CE,470
BAJFINANCE25SEP_950CE,950
HINDPETRO25SEP_429.5CE,429.5
CANBK25SEP_108CE,108
HINDPETRO25SEP_405CE,405
BAJFINANCE25SEP_940CE,940
LTF25SEP_237.5CE,237.5
EICHERMOT25SEP_6400CE,6400
INDIANB25SEP_700CE,700
HINDZINC25SEP_450CE,450
HINDPETRO25SEP_399.5CE,399.5
HINDPETRO25SEP_400CE,400
INDIANB25SEP_690CE,690
NATIONALUM25SEP_210CE,210
MUTHOOTFIN25SEP_2800CE,2800
NATIONALUM25SEP_195CE,195
LTF25SEP_235CE,235
BAJFINANCE25SEP_980CE,980
EICHERMOT25SEP_6350CE,6350
SAMMAANCAP25SEP_137.5CE,137.5
CANBK25SEP_107CE,107
LTF25SEP_240CE,240
BAJFINANCE25SEP_930CE,930
SBIN25SEP_850CE,850
SBICARD25SEP_850CE,850
LTF25SEP_242.5CE,242.5
BAJFINANCE25SEP_920CE,920
SAMMAANCAP25SEP_132.5CE,132.5
SBICARD25SEP_830CE,830
HINDPETRO25SEP_395CE,395
SBIN25SEP_840CE,840
SAIL25SEP_127.5CE,127.5
EICHERMOT25SEP_6300CE,6300
HINDPETRO25SEP_394.5CE,394.5
INDIANB25SEP_680CE,680
LTF25SEP_232.5CE,232.5
CANBK25SEP_106CE,106
LTF25SEP_230CE,230
BANKBARODA25SEP_250CE,250
SBICARD25SEP_840CE,840
HINDPETRO25SEP_434.5CE,434.5
BANKBARODA25SEP_247.5CE,247.5
CANBK25SEP_123CE,123
SBICARD25SEP_820CE,820
MUTHOOTFIN25SEP_2750CE,2750
CROMPTON25SEP_310PE,310
CROMPTON25SEP_305PE,305
HINDPETRO25SEP_389.5CE,389.5
HINDPETRO25SEP_390CE,390
CHOLAFIN25SEP_1560CE,1560
BANKBARODA25SEP_252.5CE,252.5
EICHERMOT25SEP_6250CE,6250
CANBK25SEP_105CE,105
CHOLAFIN25SEP_1520CE,1520
SAMMAANCAP25SEP_127.5CE,127.5
HINDPETRO25SEP_439.5CE,439.5
LTF25SEP_245CE,245
HINDZINC25SEP_440CE,440
BANKBARODA25SEP_245CE,245
SAMMAANCAP25SEP_130CE,130
BAJFINANCE25SEP_910CE,910
INDIANB25SEP_670CE,670
CROMPTON25SEP_315PE,315
CHOLAFIN25SEP_1540CE,1540
LTF25SEP_227.5CE,227.5
NATIONALUM25SEP_190CE,190
SBIN25SEP_830CE,830
SAIL25SEP_125CE,125
SBICARD25SEP_860CE,860
PNBHOUSING25SEP_820CE,820
SAIL25SEP_130CE,130
HINDPETRO25SEP_384.5CE,384.5
JSWSTEEL25SEP_1100CE,1100
EICHERMOT25SEP_6200CE,6200
CHOLAFIN25SEP_1500CE,1500
JSWSTEEL25SEP_1090CE,1090
HINDPETRO25SEP_385CE,385
CHOLAFIN25SEP_1580CE,1580
CROMPTON25SEP_300PE,300
BHEL25SEP_225CE,225
PNB25SEP_109CE,109
JSWSTEEL25SEP_1110CE,1110
SBIN25SEP_860CE,860
BANKBARODA25SEP_242.5CE,242.5
SBICARD25SEP_810CE,810
LTF25SEP_225CE,225
JINDALSTEL25SEP_1010CE,1010
CROMPTON25SEP_320PE,320
JINDALSTEL25SEP_1030CE,1030
SAMMAANCAP25SEP_125CE,125
CANBK25SEP_104CE,104
BHEL25SEP_230CE,230
MUTHOOTFIN25SEP_2700CE,2700
BAJFINANCE25SEP_900CE,900
HINDPETRO25SEP_379.5CE,379.5
SAIL25SEP_122.5CE,122.5
HINDPETRO25SEP_440CE,440
INDIANB25SEP_660CE,660
JSWSTEEL25SEP_1080CE,1080
PNB25SEP_108CE,108
PNB25SEP_111CE,111
SBICARD25SEP_800CE,800
JINDALSTEL25SEP_1020CE,1020
PNB25SEP_107CE,107
JSWSTEEL25SEP_1070CE,1070
INDIANB25SEP_740CE,740
JINDALSTEL25SEP_1000CE,1000
PNBHOUSING25SEP_800CE,800
TITAN25SEP_3450PE,3450
PNB25SEP_106CE,106
TITAN25SEP_3500PE,3500
SBIN25SEP_820CE,820
EICHERMOT25SEP_6150CE,6150
HINDPETRO25SEP_380CE,380
JSWSTEEL25SEP_1120CE,1120
PAGEIND25SEP_44500PE,44500
BHEL25SEP_220CE,220
CHOLAFIN25SEP_1480CE,1480
MOTHERSON25SEP_100CE,100
JINDALSTEL25SEP_990CE,990
HINDZINC25SEP_430CE,430
BANKBARODA25SEP_255CE,255
CANBK25SEP_103CE,103
IOC25SEP_145CE,145
PNBHOUSING25SEP_840CE,840
BANKBARODA25SEP_240CE,240
PNB25SEP_110CE,110
BAJFINANCE25SEP_890CE,890
PNBHOUSING25SEP_780CE,780
BANKINDIA25SEP_117.5CE,117.5
EICHERMOT25SEP_6100CE,6100
BAJFINANCE25SEP_990CE,990
JINDALSTEL25SEP_1040CE,1040
BANKINDIA25SEP_120CE,120
PNB25SEP_105CE,105
LTF25SEP_222.5CE,222.5
TRENT25SEP_5000PE,5000
LTF25SEP_220CE,220
JSWSTEEL25SEP_1060CE,1060
CROMPTON25SEP_325PE,325
NATIONALUM25SEP_185CE,185
BANKINDIA25SEP_115CE,115
CANBK25SEP_102CE,102
JINDALSTEL25SEP_980CE,980
IOC25SEP_142.5CE,142.5
IOC25SEP_142CE,142
TITAN25SEP_3550PE,3550
PAGEIND25SEP_45500PE,45500
SAMMAANCAP25SEP_120CE,120
IOC25SEP_144.5CE,144.5
MUTHOOTFIN25SEP_2650CE,2650
SAIL25SEP_120CE,120
BANKBARODA25SEP_237.5CE,237.5
AXISBANK25SEP_1100CE,1100
ASHOKLEY25SEP_135CE,135
ASHOKLEY25SEP_132.5CE,132.5
AXISBANK25SEP_1090CE,1090
KAYNES25SEP_6600CE,6600
VEDL25SEP_450CE,450
INDIANB25SEP_650CE,650
SBICARD25SEP_790CE,790
HINDPETRO25SEP_375CE,375
SAMMAANCAP25SEP_122.5CE,122.5
PNB25SEP_104CE,104
BHEL25SEP_215CE,215
SAIL25SEP_132.5CE,132.5
TRENT25SEP_5100PE,5100
EICHERMOT25SEP_6050CE,6050
KAYNES25SEP_6500CE,6500
ASHOKLEY25SEP_137.5CE,137.5
ADANIENSOL25SEP_820CE,820
JSWSTEEL25SEP_1050CE,1050
BAJFINANCE25SEP_880CE,880
BPCL25SEP_330CE,330
AXISBANK25SEP_1080CE,1080
VEDL25SEP_444CE,444
SBIN25SEP_810CE,810
ADANIGREEN25SEP_880CE,880
NMDC25SEP_73CE,73
MOTHERSON25SEP_97.5CE,97.5
BANKINDIA25SEP_112.5CE,112.5
MUTHOOTFIN25SEP_3050CE,3050
VEDL25SEP_454CE,454
IOC25SEP_140CE,140
VEDL25SEP_440CE,440
NMDC25SEP_72CE,72
CROMPTON25SEP_330PE,330
BEL25SEP_390CE,390
NMDC25SEP_71CE,71
IOC25SEP_147CE,147
HINDPETRO25SEP_370CE,370
BEL25SEP_385CE,385
JSWSTEEL25SEP_1040CE,1040
ADANIENT25SEP_2400CE,2400
BANKBARODA25SEP_235CE,235
IOC25SEP_139.5CE,139.5
ADANIENSOL25SEP_840CE,840
TITAN25SEP_3600PE,3600
EICHERMOT25SEP_6000CE,6000
JINDALSTEL25SEP_960CE,960
CHOLAFIN25SEP_1460CE,1460
SAIL25SEP_117.5CE,117.5
AXISBANK25SEP_1070CE,1070
BPCL25SEP_320CE,320
NMDC25SEP_74CE,74
IOC25SEP_147.5CE,147.5
BPCL25SEP_325CE,325
JSWSTEEL25SEP_1130CE,1130
AXISBANK25SEP_1110CE,1110
JINDALSTEL25SEP_970CE,970
SBICARD25SEP_870CE,870
MUTHOOTFIN25SEP_2600CE,2600
PNB25SEP_103CE,103
MOTHERSON25SEP_95CE,95
ADANIENT25SEP_2350CE,2350
TRENT25SEP_4800PE,4800
LTF25SEP_215CE,215
RVNL25SEP_290CE,290
LTF25SEP_217.5CE,217.5
CANBK25SEP_100CE,100
PNBHOUSING25SEP_760CE,760
TATASTEEL25SEP_162.5CE,162.5
ASHOKLEY25SEP_130CE,130
BAJFINANCE25SEP_870CE,870
TRENT25SEP_5200PE,5200
MARUTI25SEP_15400CE,15400
BPCL25SEP_315CE,315
KAYNES25SEP_6400CE,6400
PNB25SEP_102CE,102
NMDC25SEP_70CE,70
TATASTEEL25SEP_160CE,160
KAYNES25SEP_6300CE,6300
SBICARD25SEP_780CE,780
TCS25SEP_2980PE,2980
MARUTI25SEP_15300CE,15300
TCS25SEP_3000PE,3000
RVNL25SEP_320CE,320
MARUTI25SEP_15500CE,15500
BHEL25SEP_235CE,235
TCS25SEP_3020PE,3020
NHPC25SEP_81CE,81
VEDL25SEP_434CE,434
BEL25SEP_380CE,380
BEL25SEP_395CE,395
BHEL25SEP_210CE,210
CROMPTON25SEP_335PE,335
CHOLAFIN25SEP_1440CE,1440
MARUTI25SEP_15200CE,15200
TATASTEEL25SEP_165CE,165
NHPC25SEP_80CE,80
RVNL25SEP_310CE,310
LTF25SEP_212.5CE,212.5
NHPC25SEP_82CE,82
SBIN25SEP_800CE,800
ADANIENSOL25SEP_800CE,800
TCS25SEP_2960PE,2960
TCS25SEP_3040PE,3040
MARUTI25SEP_15600CE,15600
BEL25SEP_375CE,375
AXISBANK25SEP_1060CE,1060
UNIONBANK25SEP_132.5CE,132.5
MARUTI25SEP_15100CE,15100
RVNL25SEP_280CE,280
TATASTEEL25SEP_157.5CE,157.5
ADANIENT25SEP_2300CE,2300
ASHOKLEY25SEP_127.5CE,127.5
KAYNES25SEP_6200CE,6200
IOC25SEP_137.5CE,137.5
SBICARD25SEP_770CE,770
VEDL25SEP_430CE,430
RVNL25SEP_300CE,300
ASIANPAINT25SEP_2440PE,2440
ASIANPAINT25SEP_2460PE,2460
TITAN25SEP_3650PE,3650
LTF25SEP_210CE,210
TRENT25SEP_5300PE,5300
TITAN25SEP_3400PE,3400
EICHERMOT25SEP_5900CE,5900
SAIL25SEP_115CE,115
TCS25SEP_3060PE,3060
MOTHERSON25SEP_102.5CE,102.5
HINDZINC25SEP_410CE,410
IDEA25SEP_7CE,7
JSWSTEEL25SEP_1020CE,1020
BANKINDIA25SEP_110CE,110
ASIANPAINT25SEP_2480PE,2480
KAYNES25SEP_5900CE,5900
PNBHOUSING25SEP_740CE,740
JSWSTEEL25SEP_1030CE,1030
MARUTI25SEP_15000CE,15000
BAJFINANCE25SEP_860CE,860
MOTHERSON25SEP_92.5CE,92.5
CHOLAFIN25SEP_1420CE,1420
UNIONBANK25SEP_130CE,130
NHPC25SEP_83CE,83
BHARATFORG25SEP_1140CE,1140
PNB25SEP_100CE,100
TCS25SEP_3080PE,3080
ADANIENSOL25SEP_760CE,760
ASHOKLEY25SEP_140CE,140
NHPC25SEP_79CE,79
ASIANPAINT25SEP_2420PE,2420
MARUTI25SEP_15700CE,15700
PERSISTENT25SEP_5100PE,5100
TCS25SEP_2940PE,2940
BANKBARODA25SEP_230CE,230
KAYNES25SEP_6100CE,6100
VEDL25SEP_424CE,424
ADANIENSOL25SEP_780CE,780
ASIANPAINT25SEP_2500PE,2500
AMBER25SEP_7600CE,7600
CROMPTON25SEP_340PE,340
AXISBANK25SEP_1050CE,1050
CHOLAFIN25SEP_1600CE,1600
VEDL25SEP_460CE,460
MARUTI25SEP_14900CE,14900
JINDALSTEL25SEP_1050CE,1050
BAJFINANCE25SEP_850CE,850
DIVISLAB25SEP_6000PE,6000
NHPC25SEP_78CE,78
BPCL25SEP_310CE,310
BANKBARODA25SEP_232.5CE,232.5
PAGEIND25SEP_43000PE,43000
HINDALCO25SEP_720CE,720
HINDALCO25SEP_730CE,730
BAJFINANCE25SEP_840CE,840
HINDZINC25SEP_420CE,420
NMDC25SEP_75CE,75
ASHOKLEY25SEP_125CE,125
DIVISLAB25SEP_5900PE,5900
ADANIGREEN25SEP_960CE,960
TATASTEEL25SEP_155CE,155
AMBER25SEP_7400CE,7400
TCS25SEP_3100PE,3100
NATIONALUM25SEP_180CE,180
PNB25SEP_99CE,99
MUTHOOTFIN25SEP_2550CE,2550
VBL25SEP_470PE,470
BHEL25SEP_205CE,205
TRENT25SEP_5400PE,5400
PERSISTENT25SEP_5200PE,5200
HINDALCO25SEP_740CE,740
JINDALSTEL25SEP_950CE,950
BPCL25SEP_335CE,335
SBIN25SEP_790CE,790
IOC25SEP_137CE,137
BEL25SEP_370CE,370
EICHERMOT25SEP_5800CE,5800
ADANIGREEN25SEP_940CE,940
ADANIGREEN25SEP_920CE,920
TITAN25SEP_3700PE,3700
HAL25SEP_4500CE,4500
CHOLAFIN25SEP_1400CE,1400
ADANIENT25SEP_2250CE,2250
ASIANPAINT25SEP_2520PE,2520
PNBHOUSING25SEP_700CE,700
SBICARD25SEP_730CE,730
IREDA25SEP_135CE,135
ASIANPAINT25SEP_2400PE,2400
MARUTI25SEP_14800CE,14800
EICHERMOT25SEP_5850CE,5850
AMBER25SEP_7700CE,7700
CHOLAFIN25SEP_1380CE,1380
PNBHOUSING25SEP_720CE,720
NHPC25SEP_84CE,84
ADANIENSOL25SEP_740CE,740
DIVISLAB25SEP_6100PE,6100
IOC25SEP_135CE,135
AXISBANK25SEP_1040CE,1040
NHPC25SEP_77CE,77
KAYNES25SEP_6000CE,6000
HINDALCO25SEP_710CE,710
PERSISTENT25SEP_5000PE,5000
PERSISTENT25SEP_5300PE,5300
TCS25SEP_3120PE,3120
VBL25SEP_460PE,460
PAGEIND25SEP_42000PE,42000
MUTHOOTFIN25SEP_2500CE,2500
UNIONBANK25SEP_135CE,135
ADANIGREEN25SEP_980CE,980
NMDC25SEP_69CE,69
MAXHEALTH25SEP_1280PE,1280
YESBANK25SEP_19CE,19
AXISBANK25SEP_1120CE,1120
YESBANK25SEP_20CE,20
JSWSTEEL25SEP_1000CE,1000
INDIANB25SEP_640CE,640
VBL25SEP_480PE,480
LTF25SEP_205CE,205
VEDL25SEP_420CE,420
DALBHARAT25SEP_2340PE,2340
BAJAJFINSV25SEP_1880CE,1880
NMDC25SEP_68CE,68
BEL25SEP_365CE,365
EICHERMOT25SEP_5750CE,5750
HINDUNILVR25SEP_2600PE,2600
MOTHERSON25SEP_90CE,90
HUDCO25SEP_210CE,210
HINDZINC25SEP_400CE,400
UNIONBANK25SEP_125CE,125
HAL25SEP_4400CE,4400
DABUR25SEP_510PE,510
ASIANPAINT25SEP_2540PE,2540
ADANIPORTS25SEP_1280CE,1280
TATASTEEL25SEP_152.5CE,152.5
MARUTI25SEP_14700CE,14700
AMBER25SEP_7500CE,7500
BANKBARODA25SEP_225CE,225
PAGEIND25SEP_42500PE,42500
BHEL25SEP_200CE,200
PAGEIND25SEP_44000PE,44000
HAL25SEP_4600CE,4600
IDEA25SEP_6CE,6
TCS25SEP_3140PE,3140
BHARATFORG25SEP_1080CE,1080
PIIND25SEP_4050PE,4050
TRENT25SEP_5500PE,5500
CIPLA25SEP_1560PE,1560
NHPC25SEP_76CE,76
SBICARD25SEP_750CE,750
DIVISLAB25SEP_6200PE,6200
AMBER25SEP_7300CE,7300
ASIANPAINT25SEP_2560PE,2560
DABUR25SEP_505PE,505
AMBER25SEP_7000CE,7000
CROMPTON25SEP_345PE,345
CROMPTON25SEP_350PE,350
TITAN25SEP_3750PE,3750
MOTHERSON25SEP_87.5CE,87.5
PNB25SEP_98CE,98
UNIONBANK25SEP_122.5CE,122.5
ADANIGREEN25SEP_900CE,900
BAJFINANCE25SEP_830CE,830
VEDL25SEP_414CE,414
HINDUNILVR25SEP_2580PE,2580
EICHERMOT25SEP_5700CE,5700
AXISBANK25SEP_1030CE,1030
NATIONALUM25SEP_170CE,170
SBIN25SEP_780CE,780
MARUTI25SEP_14600CE,14600
HINDUNILVR25SEP_2640PE,2640
HINDUNILVR25SEP_2620PE,2620
PERSISTENT25SEP_5400PE,5400
BHARATFORG25SEP_1180CE,1180
CIPLA25SEP_1580PE,1580
DALBHARAT25SEP_2300PE,2300
JSWENERGY25SEP_510CE,510
ADANIENT25SEP_2200CE,2200
MUTHOOTFIN25SEP_2450CE,2450
EICHERMOT25SEP_7000CE,7000
BHARATFORG25SEP_1120CE,1120
HINDALCO25SEP_700CE,700
HINDUNILVR25SEP_2560PE,2560
HUDCO25SEP_205CE,205
PAGEIND25SEP_41500PE,41500
DALBHARAT25SEP_2380PE,2380
VBL25SEP_490PE,490
DABUR25SEP_515PE,515
MARUTI25SEP_15800CE,15800
JSWENERGY25SEP_500CE,500
HINDUNILVR25SEP_2660PE,2660
PNB25SEP_97CE,97
TCS25SEP_2920PE,2920
TCS25SEP_3160PE,3160
NATIONALUM25SEP_175CE,175
ASIANPAINT25SEP_2580PE,2580
UPL25SEP_700PE,700
NHPC25SEP_75CE,75
ASHOKLEY25SEP_122.5CE,122.5
TITAGARH25SEP_820CE,820
BHARATFORG25SEP_1160CE,1160
MARUTI25SEP_14500CE,14500
HAL25SEP_4300CE,4300
DABUR25SEP_520PE,520
UPL25SEP_690PE,690
HINDUNILVR25SEP_2760PE,2760
HINDZINC25SEP_480CE,480
UPL25SEP_680PE,680
COFORGE25SEP_1700PE,1700
COFORGE25SEP_1680PE,1680
TATASTEEL25SEP_150CE,150
BEL25SEP_360CE,360
SAIL25SEP_110CE,110
JINDALSTEL25SEP_900CE,900
PAGEIND25SEP_45000PE,45000
IOC25SEP_149.5CE,149.5
DALBHARAT25SEP_2360PE,2360
JSWSTEEL25SEP_980CE,980
PNB25SEP_96CE,96
BPCL25SEP_300CE,300
LTF25SEP_200CE,200
TRENT25SEP_5600PE,5600
HINDUNILVR25SEP_2680PE,2680
SAMMAANCAP25SEP_110CE,110
UPL25SEP_710PE,710
HINDALCO25SEP_750CE,750
TCS25SEP_3180PE,3180
EICHERMOT25SEP_5550CE,5550
CIPLA25SEP_1540PE,1540
VEDL25SEP_410CE,410
NMDC25SEP_67CE,67
ICICIBANK25SEP_1390PE,1390
CIPLA25SEP_1600PE,1600
COFORGE25SEP_1720PE,1720
PFC25SEP_390CE,390
PAGEIND25SEP_43500PE,43500
BEL25SEP_355CE,355
MUTHOOTFIN25SEP_2400CE,2400
MARUTI25SEP_14400CE,14400
ASIANPAINT25SEP_2600PE,2600
CHOLAFIN25SEP_1360CE,1360
JSWENERGY25SEP_490CE,490
BPCL25SEP_305CE,305
ICICIBANK25SEP_1400PE,1400
MPHASIS25SEP_3050PE,3050
ASHOKLEY25SEP_120CE,120
TATACHEM25SEP_880CE,880
KALYANKJIL25SEP_490PE,490
SBIN25SEP_770CE,770
DALBHARAT25SEP_2400PE,2400
PNB25SEP_112CE,112
HINDUNILVR25SEP_2700PE,2700
TECHM25SEP_1460PE,1460
IOC25SEP_132CE,132
COFORGE25SEP_1660PE,1660
NMDC25SEP_66CE,66
PIIND25SEP_4150PE,4150
ASIANPAINT25SEP_2380PE,2380
TECHM25SEP_1480PE,1480
HUDCO25SEP_200CE,200
PERSISTENT25SEP_5500PE,5500
DIVISLAB25SEP_6300PE,6300
SBICARD25SEP_760CE,760
VEDL25SEP_404CE,404
RVNL25SEP_330CE,330
CIPLA25SEP_1620PE,1620
VBL25SEP_500PE,500
TCS25SEP_3200PE,3200
TRENT25SEP_5700PE,5700
GLENMARK25SEP_1720CE,1720
DABUR25SEP_525PE,525
JINDALSTEL25SEP_940CE,940
MARUTI25SEP_14300CE,14300
UPL25SEP_720PE,720
BHARATFORG25SEP_1100CE,1100
COFORGE25SEP_1740PE,1740
KPITTECH25SEP_1160PE,1160
NHPC25SEP_85CE,85
BAJFINANCE25SEP_820CE,820
KALYANKJIL25SEP_500PE,500
ADANIPORTS25SEP_1340CE,1340
ICICIBANK25SEP_1380PE,1380
AXISBANK25SEP_1020CE,1020
JSWENERGY25SEP_480CE,480
HINDPETRO25SEP_350CE,350
ASIANPAINT25SEP_2620PE,2620
ICICIBANK25SEP_1410PE,1410
DABUR25SEP_500PE,500
MPHASIS25SEP_2950PE,2950
KAYNES25SEP_5600CE,5600
HAL25SEP_4200CE,4200
AMBER25SEP_7200CE,7200
PNB25SEP_95CE,95
HEROMOTOCO25SEP_5200CE,5200
TATASTEEL25SEP_147.5CE,147.5
ADANIGREEN25SEP_1000CE,1000
MARUTI25SEP_13400CE,13400
YESBANK25SEP_18CE,18
HINDUNILVR25SEP_2720PE,2720
BANKBARODA25SEP_227.5CE,227.5
VEDL25SEP_400CE,400
COFORGE25SEP_1760PE,1760
ADANIPORTS25SEP_1360CE,1360
TITAN25SEP_3800PE,3800
BANKINDIA25SEP_105CE,105
HEROMOTOCO25SEP_5250CE,5250
JSWSTEEL25SEP_1010CE,1010
UNIONBANK25SEP_127.5CE,127.5
HINDALCO25SEP_680CE,680
SYNGENE25SEP_730PE,730
LTF25SEP_197.5CE,197.5
GODREJCP25SEP_1240PE,1240
MANAPPURAM25SEP_255CE,255
BANKBARODA25SEP_257.5CE,257.5
KALYANKJIL25SEP_480PE,480
BRITANNIA25SEP_5550CE,5550
TECHM25SEP_1500PE,1500
DABUR25SEP_530PE,530
DALBHARAT25SEP_2420PE,2420
EICHERMOT25SEP_5500CE,5500
IOC25SEP_130CE,130
PNBHOUSING25SEP_680CE,680
TATASTEEL25SEP_167.5CE,167.5
BAJFINANCE25SEP_800CE,800
PAGEIND25SEP_46000PE,46000
ADANIPORTS25SEP_1320CE,1320
DABUR25SEP_535PE,535
CROMPTON25SEP_360PE,360
BHARATFORG25SEP_1040CE,1040
SAIL25SEP_112.5CE,112.5
NATIONALUM25SEP_165CE,165
DIVISLAB25SEP_6400PE,6400
KPITTECH25SEP_1180PE,1180
PFC25SEP_380CE,380
TCS25SEP_3220PE,3220
SBICARD25SEP_740CE,740
TATACONSUM25SEP_1070CE,1070
CIPLA25SEP_1640PE,1640
ICICIBANK25SEP_1420PE,1420
IREDA25SEP_125CE,125
KALYANKJIL25SEP_510PE,510
COFORGE25SEP_1640PE,1640
PERSISTENT25SEP_5600PE,5600
AMBER25SEP_7100CE,7100
BSE25SEP_2750PE,2750
HEROMOTOCO25SEP_5050CE,5050
COFORGE25SEP_1780PE,1780
CANBK25SEP_92CE,92
HINDUNILVR25SEP_2740PE,2740
EICHERMOT25SEP_5600CE,5600
SBIN25SEP_760CE,760
KPITTECH25SEP_1200PE,1200
MARUTI25SEP_14200CE,14200
TATACONSUM25SEP_1080CE,1080
BEL25SEP_345CE,345
ADANIPORTS25SEP_1300CE,1300
DELHIVERY25SEP_410CE,410
HEROMOTOCO25SEP_5300CE,5300
UPL25SEP_730PE,730
KALYANKJIL25SEP_520PE,520
TITAGARH25SEP_800CE,800
VBL25SEP_510PE,510
BRITANNIA25SEP_5200CE,5200
AXISBANK25SEP_1000CE,1000
SAMMAANCAP25SEP_115CE,115
ASHOKLEY25SEP_117.5CE,117.5
PNB25SEP_101CE,101
BEL25SEP_350CE,350
JSWENERGY25SEP_470CE,470
ADANIENSOL25SEP_860CE,860
MARUTI25SEP_14100CE,14100
TCS25SEP_3240PE,3240
IREDA25SEP_130CE,130
PFC25SEP_370CE,370
GODREJCP25SEP_1220PE,1220
MOTHERSON25SEP_85CE,85
GMRAIRPORT25SEP_82CE,82
INDHOTEL25SEP_760PE,760
IOC25SEP_134.5CE,134.5
HEROMOTOCO25SEP_5100CE,5100
TECHM25SEP_1520PE,1520
DIXON25SEP_14500CE,14500
ICICIBANK25SEP_1430PE,1430
BHEL25SEP_195CE,195
HUDCO25SEP_190CE,190
INDHOTEL25SEP_770PE,770
CIPLA25SEP_1660PE,1660
TRENT25SEP_5800PE,5800
TATACONSUM25SEP_1060CE,1060
KPITTECH25SEP_1140PE,1140
SAIL25SEP_105CE,105
TECHM25SEP_1440PE,1440
RECLTD25SEP_330CE,330
DIVISLAB25SEP_5800PE,5800
LICI25SEP_850CE,850
HEROMOTOCO25SEP_5000CE,5000
CANBK25SEP_101CE,101
KPITTECH25SEP_1240PE,1240
COFORGE25SEP_1800PE,1800
ICICIBANK25SEP_1370PE,1370
HAL25SEP_4100CE,4100
ADANIENSOL25SEP_700CE,700
TATAELXSI25SEP_6400PE,6400
TATASTEEL25SEP_145CE,145
M&M25SEP_3200CE,3200
HEROMOTOCO25SEP_4950CE,4950
TATAELXSI25SEP_6600PE,6600
LICI25SEP_860CE,860
LTIM25SEP_4800CE,4800
MANAPPURAM25SEP_265CE,265
ADANIENT25SEP_2100CE,2100
INDIANB25SEP_600CE,600
TCS25SEP_3260PE,3260
ASHOKLEY25SEP_115CE,115
KALYANKJIL25SEP_530PE,530
TATACONSUM25SEP_1090CE,1090
SYNGENE25SEP_710PE,710
PERSISTENT25SEP_5700PE,5700
DABUR25SEP_540PE,540
INDHOTEL25SEP_750PE,750
NBCC25SEP_100CE,100
M&M25SEP_3300CE,3300
MARUTI25SEP_14000CE,14000
HINDALCO25SEP_670CE,670
ICICIBANK25SEP_1440PE,1440
NMDC25SEP_65CE,65
BHEL25SEP_185CE,185
VEDL25SEP_464CE,464
IREDA25SEP_120CE,120
HINDUNILVR25SEP_2780PE,2780
DALBHARAT25SEP_2500PE,2500
HEROMOTOCO25SEP_5150CE,5150
COFORGE25SEP_1820PE,1820
NYKAA25SEP_202.5CE,202.5
UPL25SEP_740PE,740
LICI25SEP_840CE,840
JIOFIN25SEP_315PE,315
MANAPPURAM25SEP_270CE,270
UPL25SEP_670PE,670
KPITTECH25SEP_1320PE,1320
NMDC25SEP_64CE,64
GODREJCP25SEP_1280PE,1280
M&M25SEP_3250CE,3250
BANKINDIA25SEP_122.5CE,122.5
TATACONSUM25SEP_1100CE,1100
PAGEIND25SEP_47000PE,47000
SBIN25SEP_750CE,750
CANBK25SEP_98CE,98
MARUTI25SEP_13900CE,13900
NATIONALUM25SEP_160CE,160
JIOFIN25SEP_310PE,310
BEL25SEP_400CE,400
CROMPTON25SEP_370PE,370
VBL25SEP_520PE,520
INDHOTEL25SEP_780PE,780
DALBHARAT25SEP_2280PE,2280
HCLTECH25SEP_1460PE,1460
BANKBARODA25SEP_220CE,220
HINDALCO25SEP_660CE,660
EICHERMOT25SEP_5400CE,5400
PIIND25SEP_3750PE,3750
COLPAL25SEP_2340PE,2340
BANKBARODA25SEP_215CE,215
UPL25SEP_750PE,750
MARUTI25SEP_13600CE,13600
KALYANKJIL25SEP_570PE,570
LTF25SEP_195CE,195
SONACOMS25SEP_460PE,460
CANBK25SEP_90CE,90
IDEA25SEP_5CE,5
CANBK25SEP_99CE,99
TATACONSUM25SEP_1050CE,1050
KALYANKJIL25SEP_560PE,560
KPITTECH25SEP_1220PE,1220
HCLTECH25SEP_1480PE,1480
SONACOMS25SEP_440PE,440
FORTIS25SEP_920CE,920
PFC25SEP_400CE,400
AMBER25SEP_8000CE,8000
MOTHERSON25SEP_82.5CE,82.5
KALYANKJIL25SEP_540PE,540
HINDUNILVR25SEP_2800PE,2800
M&M25SEP_3150CE,3150
TECHM25SEP_1540PE,1540
BANKINDIA25SEP_107.5CE,107.5
MARUTI25SEP_12700CE,12700
BAJFINANCE25SEP_810CE,810
GODREJCP25SEP_1360PE,1360
GODREJCP25SEP_1260PE,1260
AUROPHARMA25SEP_980CE,980
HCLTECH25SEP_1440PE,1440
PERSISTENT25SEP_5800PE,5800
HEROMOTOCO25SEP_4900CE,4900
LICI25SEP_870CE,870
ICICIBANK25SEP_1450PE,1450
COLPAL25SEP_2380PE,2380
MANAPPURAM25SEP_240CE,240
BPCL25SEP_290CE,290
HUDCO25SEP_195CE,195
JIOFIN25SEP_320PE,320
M&M25SEP_3100CE,3100
TATASTEEL25SEP_142.5CE,142.5
COLPAL25SEP_2300PE,2300
INDHOTEL25SEP_740PE,740
BHEL25SEP_190CE,190
FORTIS25SEP_900CE,900
UNIONBANK25SEP_120CE,120
MUTHOOTFIN25SEP_2300CE,2300
COLPAL25SEP_2360PE,2360
PIIND25SEP_3700PE,3700
COFORGE25SEP_1860PE,1860
